id_camda,orden,tipo,inicio_ejecucion,duracion,tamano,inicio_dt,duracion_min,año_semana,dia_num,dia_nombre_en
69428,1,Manual,2026-07-01 03:05:01-03:00,0:05:30.628631,0,2026-07-01 03:05:01,5.510477183333333,2026-W27,2,Wednesday
69424,1,Manual,2026-07-01 01:32:37-03:00,0:06:07.237374,0,2026-07-01 01:32:37,6.1206229,2026-W27,2,Wednesday
69423,1,Manual,2026-07-01 01:04:42-03:00,0:06:55.632550,0,2026-07-01 01:04:42,6.927209166666667,2026-W27,2,Wednesday
69422,1,Manual,2026-07-01 00:24:33-03:00,0:06:49.214025,0,2026-07-01 00:24:33,6.82023375,2026-W27,2,Wednesday
69421,1,Manual,2026-06-30 22:50:58-03:00,1:03:12.851346,0,2026-06-30 22:50:58,63.2141891,2026-W27,1,Tuesday
69420,1,Manual,2026-06-30 21:45:01-03:00,0:46:44.961962,0,2026-06-30 21:45:01,46.74936603333333,2026-W27,1,Tuesday
69419,1,Manual,2026-06-30 21:07:06-03:00,0:25:56.549765,0,2026-06-30 21:07:06,25.94249608333333,2026-W27,1,Tuesday
69414,1,Manual,2026-06-30 19:42:30-03:00,0:06:37.855439,0,2026-06-30 19:42:30,6.630923983333333,2026-W27,1,Tuesday
69413,1,Manual,2026-06-30 19:27:13-03:00,0:03:33.930893,0,2026-06-30 19:27:13,3.5655148833333334,2026-W27,1,Tuesday
69412,1,Manual,2026-06-30 19:14:06-03:00,0:01:10.656219,0,2026-06-30 19:14:06,1.1776036499999998,2026-W27,1,Tuesday
69411,1,Manual,2026-06-30 19:01:07-03:00,0:02:14.957931,0,2026-06-30 19:01:07,2.24929885,2026-W27,1,Tuesday
69409,1,Manual,2026-06-30 18:24:20-03:00,0:05:39.071945,0,2026-06-30 18:24:20,5.651199083333334,2026-W27,1,Tuesday
69408,1,Manual,2026-06-30 18:10:38-03:00,0:03:45.085853,0,2026-06-30 18:10:38,3.751430883333333,2026-W27,1,Tuesday
69407,1,Manual,2026-06-30 17:43:21-03:00,0:17:19.852515,0,2026-06-30 17:43:21,17.330875250000002,2026-W27,1,Tuesday
69394,1,Manual,2026-06-30 13:45:25-03:00,0:05:52.190524,0,2026-06-30 13:45:25,5.869842066666666,2026-W27,1,Tuesday
69296,1,Manual,2026-06-30 03:08:06-03:00,0:06:22.362470,0,2026-06-30 03:08:06,6.372707833333333,2026-W27,1,Tuesday
69295,1,Manual,2026-06-30 02:33:22-03:00,0:07:55.537434,0,2026-06-30 02:33:22,7.925623900000001,2026-W27,1,Tuesday
69294,1,Manual,2026-06-30 02:02:03-03:00,0:09:13.042888,0,2026-06-30 02:02:03,9.217381466666666,2026-W27,1,Tuesday
69285,1,Manual,2026-06-29 23:10:09-03:00,0:07:27.393682,0,2026-06-29 23:10:09,7.456561366666667,2026-W27,0,Monday
69282,1,Manual,2026-06-29 21:22:22-03:00,0:05:23.509072,0,2026-06-29 21:22:22,5.391817866666667,2026-W27,0,Monday
69276,1,Manual,2026-06-29 20:20:26-03:00,0:04:06.872893,0,2026-06-29 20:20:26,4.114548216666667,2026-W27,0,Monday
69249,1,Manual,2026-06-29 16:22:18-03:00,0:03:34.805140,0,2026-06-29 16:22:18,3.5800856666666667,2026-W27,0,Monday
69245,1,Manual,2026-06-29 15:39:04-03:00,0:04:09.850876,0,2026-06-29 15:39:04,4.164181266666667,2026-W27,0,Monday
69238,1,Manual,2026-06-29 14:05:52-03:00,0:05:44.446685,0,2026-06-29 14:05:52,5.740778083333334,2026-W27,0,Monday
69233,1,Manual,2026-06-29 12:47:43-03:00,0:03:26.011481,0,2026-06-29 12:47:43,3.4335246833333333,2026-W27,0,Monday
69069,1,Manual,2026-06-29 00:33:29-03:00,0:04:53.259453,0,2026-06-29 00:33:29,4.88765755,2026-W27,0,Monday
69068,1,Manual,2026-06-29 00:25:18-03:00,0:03:19.611533,0,2026-06-29 00:25:18,3.3268588833333337,2026-W27,0,Monday
69067,1,Manual,2026-06-29 00:16:52-03:00,0:03:26.574764,0,2026-06-29 00:16:52,3.442912733333333,2026-W27,0,Monday
69065,1,Manual,2026-06-29 00:04:43-03:00,0:03:21.988428,0,2026-06-29 00:04:43,3.3664738,2026-W27,0,Monday
69028,1,Manual,2026-06-28 21:03:41-03:00,0:17:53.290672,0,2026-06-28 21:03:41,17.88817786666667,2026-W26,6,Sunday
69027,1,Manual,2026-06-28 20:42:17-03:00,0:09:24.072709,0,2026-06-28 20:42:17,9.401211816666667,2026-W26,6,Sunday
68676,1,Manual,2026-06-27 00:17:09-03:00,0:06:58.541380,0,2026-06-27 00:17:09,6.975689666666667,2026-W26,5,Saturday
68674,1,Manual,2026-06-26 23:16:15-03:00,0:06:22.685288,0,2026-06-26 23:16:15,6.378088133333334,2026-W26,4,Friday
68673,1,Manual,2026-06-26 22:41:40-03:00,0:07:34.478201,0,2026-06-26 22:41:40,7.574636683333334,2026-W26,4,Friday
68672,1,Manual,2026-06-26 22:11:56-03:00,0:12:51.487517,0,2026-06-26 22:11:56,12.858125283333333,2026-W26,4,Friday
68668,1,Manual,2026-06-26 21:04:52-03:00,0:05:30.923003,0,2026-06-26 21:04:52,5.515383383333333,2026-W26,4,Friday
68667,1,Manual,2026-06-26 20:40:35-03:00,0:06:30.177410,0,2026-06-26 20:40:35,6.502956833333333,2026-W26,4,Friday
68643,1,Manual,2026-06-26 15:07:50-03:00,0:01:09.097637,0,2026-06-26 15:07:50,1.1516272833333334,2026-W26,4,Friday
68629,1,Manual,2026-06-26 12:39:09-03:00,0:03:05.049623,0,2026-06-26 12:39:09,3.0841603833333333,2026-W26,4,Friday
68510,1,Manual,2026-06-26 00:12:04-03:00,0:05:43.617505,0,2026-06-26 00:12:04,5.726958416666666,2026-W26,4,Friday
68508,1,Manual,2026-06-25 23:22:17-03:00,0:06:16.514033,0,2026-06-25 23:22:17,6.275233883333333,2026-W26,3,Thursday
68507,1,Manual,2026-06-25 22:48:18-03:00,0:07:44.567187,0,2026-06-25 22:48:18,7.74278645,2026-W26,3,Thursday
68506,1,Manual,2026-06-25 22:20:20-03:00,0:09:00.970575,0,2026-06-25 22:20:20,9.016176250000001,2026-W26,3,Thursday
68504,1,Manual,2026-06-25 20:39:30-03:00,0:56:04.038340,0,2026-06-25 20:39:30,56.06730566666667,2026-W26,3,Thursday
68465,1,Manual,2026-06-25 12:26:43-03:00,0:03:10.172547,0,2026-06-25 12:26:43,3.1695424500000002,2026-W26,3,Thursday
68357,1,Manual,2026-06-25 00:04:51-03:00,0:06:25.459507,0,2026-06-25 00:04:51,6.424325116666666,2026-W26,3,Thursday
68356,1,Manual,2026-06-24 23:39:04-03:00,0:07:15.220723,0,2026-06-24 23:39:04,7.253678716666667,2026-W26,2,Wednesday
68355,1,Manual,2026-06-24 23:10:04-03:00,0:13:58.187009,0,2026-06-24 23:10:04,13.969783483333334,2026-W26,2,Wednesday
68309,1,Manual,2026-06-24 13:06:54-03:00,0:04:19.025251,0,2026-06-24 13:06:54,4.317087516666667,2026-W26,2,Wednesday
68304,1,Manual,2026-06-24 12:00:28-03:00,0:04:52.194657,0,2026-06-24 12:00:28,4.86991095,2026-W26,2,Wednesday
68203,1,Manual,2026-06-23 23:05:58-03:00,0:06:02.888201,0,2026-06-23 23:05:58,6.048136683333333,2026-W26,1,Tuesday
68202,1,Manual,2026-06-23 22:40:00-03:00,0:07:25.235416,0,2026-06-23 22:40:00,7.420590266666666,2026-W26,1,Tuesday
68201,1,Manual,2026-06-23 22:08:08-03:00,0:08:39.899418,0,2026-06-23 22:08:08,8.6649903,2026-W26,1,Tuesday
68197,1,Manual,2026-06-23 21:13:31-03:00,0:04:45.095442,0,2026-06-23 21:13:31,4.7515906999999995,2026-W26,1,Tuesday
68188,1,Manual,2026-06-23 18:58:54-03:00,0:06:15.500716,0,2026-06-23 18:58:54,6.258345266666667,2026-W26,1,Tuesday
68073,1,Manual,2026-06-23 03:55:59-03:00,0:05:35.520166,0,2026-06-23 03:55:59,5.592002766666667,2026-W26,1,Tuesday
68072,1,Manual,2026-06-23 03:38:32-03:00,0:07:42.859761,0,2026-06-23 03:38:32,7.71432935,2026-W26,1,Tuesday
68071,1,Manual,2026-06-23 03:10:57-03:00,0:09:07.248961,0,2026-06-23 03:10:57,9.120816016666668,2026-W26,1,Tuesday
68033,1,Manual,2026-06-22 19:01:13-03:00,0:03:23.470964,0,2026-06-22 19:01:13,3.3911827333333333,2026-W26,0,Monday
68023,1,Manual,2026-06-22 17:32:44-03:00,0:04:30.320038,0,2026-06-22 17:32:44,4.505333966666667,2026-W26,0,Monday
68011,1,Manual,2026-06-22 15:13:30-03:00,0:03:24.483989,0,2026-06-22 15:13:30,3.4080664833333336,2026-W26,0,Monday
68004,1,Manual,2026-06-22 13:22:37-03:00,0:03:27.575172,0,2026-06-22 13:22:37,3.4595862,2026-W26,0,Monday
68001,1,Manual,2026-06-22 12:27:20-03:00,0:05:24.917663,0,2026-06-22 12:27:20,5.415294383333333,2026-W26,0,Monday
67766,1,Manual,2026-06-21 19:17:19-03:00,0:20:19.095019,0,2026-06-21 19:17:19,20.318250316666667,2026-W25,6,Sunday
67295,1,Manual,2026-06-19 23:00:28-03:00,0:06:56.867667,0,2026-06-19 23:00:28,6.94779445,2026-W25,4,Friday
67294,1,Manual,2026-06-19 22:28:54-03:00,0:10:48.521440,0,2026-06-19 22:28:54,10.808690666666667,2026-W25,4,Friday
67293,1,Manual,2026-06-19 22:06:00-03:00,0:09:16.375881,0,2026-06-19 22:06:00,9.27293135,2026-W25,4,Friday
67292,1,Manual,2026-06-19 21:40:19-03:00,0:04:04.314807,0,2026-06-19 21:40:19,4.07191345,2026-W25,4,Friday
67290,1,Manual,2026-06-19 20:57:33-03:00,0:03:12.369945,0,2026-06-19 20:57:33,3.20616575,2026-W25,4,Friday
67289,1,Manual,2026-06-19 20:34:45-03:00,0:06:04.272639,0,2026-06-19 20:34:45,6.07121065,2026-W25,4,Friday
67284,1,Manual,2026-06-19 19:03:06-03:00,0:08:33.265410,0,2026-06-19 19:03:06,8.5544235,2026-W25,4,Friday
67261,1,Manual,2026-06-19 14:06:46-03:00,0:03:19.016111,0,2026-06-19 14:06:46,3.3169351833333334,2026-W25,4,Friday
67248,1,Manual,2026-06-19 12:29:25-03:00,0:03:09.586369,0,2026-06-19 12:29:25,3.1597728166666665,2026-W25,4,Friday
67131,1,Manual,2026-06-18 23:23:45-03:00,0:23:48.273728,0,2026-06-18 23:23:45,23.80456213333333,2026-W25,3,Thursday
67130,1,Manual,2026-06-18 22:51:07-03:00,0:07:04.674202,0,2026-06-18 22:51:07,7.077903366666666,2026-W25,3,Thursday
67129,1,Manual,2026-06-18 22:29:15-03:00,0:06:34.273258,0,2026-06-18 22:29:15,6.571220966666667,2026-W25,3,Thursday
67128,1,Manual,2026-06-18 22:09:26-03:00,0:08:05.129165,0,2026-06-18 22:09:26,8.085486083333333,2026-W25,3,Thursday
67126,1,Manual,2026-06-18 21:43:03-03:00,0:02:53.444884,0,2026-06-18 21:43:03,2.8907480666666667,2026-W25,3,Thursday
67114,1,Manual,2026-06-18 20:07:07-03:00,0:04:26.040203,0,2026-06-18 20:07:07,4.434003383333334,2026-W25,3,Thursday
67092,1,Manual,2026-06-18 16:51:59-03:00,0:05:05.831516,0,2026-06-18 16:51:59,5.097191933333334,2026-W25,3,Thursday
67074,1,Manual,2026-06-18 13:19:16-03:00,0:06:31.774913,0,2026-06-18 13:19:16,6.529581883333334,2026-W25,3,Thursday
67073,1,Manual,2026-06-18 12:57:17-03:00,0:07:11.830269,0,2026-06-18 12:57:17,7.19717115,2026-W25,3,Thursday
67072,1,Manual,2026-06-18 12:14:51-03:00,0:08:48.251634,0,2026-06-18 12:14:51,8.8041939,2026-W25,3,Thursday
67071,1,Manual,2026-06-18 11:13:27-03:00,0:05:41.930273,0,2026-06-18 11:13:27,5.698837883333334,2026-W25,3,Thursday
67070,1,Manual,2026-06-18 10:54:08-03:00,0:06:23.663761,0,2026-06-18 10:54:08,6.394396016666667,2026-W25,3,Thursday
66992,1,Manual,2026-06-18 00:06:54-03:00,0:06:33.006287,0,2026-06-18 00:06:54,6.5501047833333335,2026-W25,3,Thursday
66991,1,Manual,2026-06-17 23:35:08-03:00,0:10:48.156914,0,2026-06-17 23:35:08,10.802615233333334,2026-W25,2,Wednesday
66990,1,Manual,2026-06-17 22:57:20-03:00,0:12:22.917259,0,2026-06-17 22:57:20,12.381954316666667,2026-W25,2,Wednesday
66989,1,Manual,2026-06-17 22:36:00-03:00,0:10:09.576069,0,2026-06-17 22:36:00,10.159601149999999,2026-W25,2,Wednesday
66988,1,Manual,2026-06-17 22:13:50-03:00,0:07:22.523551,0,2026-06-17 22:13:50,7.3753925166666665,2026-W25,2,Wednesday
66987,1,Manual,2026-06-17 21:45:50-03:00,0:03:34.684082,0,2026-06-17 21:45:50,3.578068033333333,2026-W25,2,Wednesday
66984,1,Manual,2026-06-17 20:58:44-03:00,0:04:37.736416,0,2026-06-17 20:58:44,4.628940266666667,2026-W25,2,Wednesday
66983,1,Manual,2026-06-17 20:39:56-03:00,0:05:53.751333,0,2026-06-17 20:39:56,5.895855549999999,2026-W25,2,Wednesday
66949,1,Manual,2026-06-17 15:46:45-03:00,0:04:55.056594,0,2026-06-17 15:46:45,4.9176099,2026-W25,2,Wednesday
66946,1,Manual,2026-06-17 15:03:00-03:00,0:08:54.569276,0,2026-06-17 15:03:00,8.909487933333333,2026-W25,2,Wednesday
66929,1,Manual,2026-06-17 12:39:06-03:00,0:03:12.597523,0,2026-06-17 12:39:06,3.2099587166666668,2026-W25,2,Wednesday
66919,1,Manual,2026-06-17 10:22:20-03:00,0:05:13.597756,0,2026-06-17 10:22:20,5.2266292666666665,2026-W25,2,Wednesday
66918,1,Manual,2026-06-17 10:08:18-03:00,0:07:10.799381,0,2026-06-17 10:08:18,7.179989683333333,2026-W25,2,Wednesday
66855,1,Manual,2026-06-17 04:28:44-03:00,0:05:31.431907,0,2026-06-17 04:28:44,5.523865116666667,2026-W25,2,Wednesday
66854,1,Manual,2026-06-17 04:08:20-03:00,0:06:55.068571,0,2026-06-17 04:08:20,6.917809516666667,2026-W25,2,Wednesday
66838,1,Manual,2026-06-17 01:25:06-03:00,0:09:15.026998,0,2026-06-17 01:25:06,9.250449966666668,2026-W25,2,Wednesday
66814,1,Manual,2026-06-16 20:41:02-03:00,0:02:51.852446,0,2026-06-16 20:41:02,2.864207433333333,2026-W25,1,Tuesday
66777,1,Manual,2026-06-16 15:21:07-03:00,0:02:55.456011,0,2026-06-16 15:21:07,2.92426685,2026-W25,1,Tuesday
66760,1,Manual,2026-06-16 13:22:28-03:00,0:05:05.874693,0,2026-06-16 13:22:28,5.09791155,2026-W25,1,Tuesday
66753,1,Manual,2026-06-16 11:18:31-03:00,0:04:29.395700,0,2026-06-16 11:18:31,4.489928333333333,2026-W25,1,Tuesday
66752,1,Manual,2026-06-16 11:06:52-03:00,0:05:13.540755,0,2026-06-16 11:06:52,5.22567925,2026-W25,1,Tuesday
66751,1,Manual,2026-06-16 10:50:54-03:00,0:09:03.312041,0,2026-06-16 10:50:54,9.055200683333334,2026-W25,1,Tuesday
66681,1,Manual,2026-06-16 03:02:58-03:00,0:04:43.481929,0,2026-06-16 03:02:58,4.724698816666666,2026-W25,1,Tuesday
66636,1,Manual,2026-06-15 17:29:01-03:00,0:06:30.196930,0,2026-06-15 17:29:01,6.503282166666667,2026-W25,0,Monday
66603,1,Manual,2026-06-15 11:33:52-03:00,0:06:29.563781,0,2026-06-15 11:33:52,6.492729683333334,2026-W25,0,Monday
66440,1,Manual,2026-06-13 21:55:52-03:00,0:04:30.620961,0,2026-06-13 21:55:52,4.51034935,2026-W24,5,Saturday
66439,1,Manual,2026-06-13 21:45:51-03:00,0:05:24.146704,0,2026-06-13 21:45:51,5.402445066666667,2026-W24,5,Saturday
66438,1,Manual,2026-06-13 21:33:46-03:00,0:06:30.868454,0,2026-06-13 21:33:46,6.514474233333333,2026-W24,5,Saturday
66437,1,Manual,2026-06-13 21:22:38-03:00,0:05:35.969832,0,2026-06-13 21:22:38,5.5994972,2026-W24,5,Saturday
66436,1,Manual,2026-06-13 21:06:16-03:00,0:06:21.672024,0,2026-06-13 21:06:16,6.3612004,2026-W24,5,Saturday
66435,1,Manual,2026-06-13 20:30:24-03:00,0:09:18.631197,0,2026-06-13 20:30:24,9.310519950000002,2026-W24,5,Saturday
66434,1,Manual,2026-06-13 20:13:59-03:00,0:06:13.005354,0,2026-06-13 20:13:59,6.2167559,2026-W24,5,Saturday
66433,1,Manual,2026-06-13 19:58:30-03:00,0:06:12.476122,0,2026-06-13 19:58:30,6.207935366666666,2026-W24,5,Saturday
66432,1,Manual,2026-06-13 19:43:01-03:00,0:05:47.929992,0,2026-06-13 19:43:01,5.798833200000001,2026-W24,5,Saturday
66431,1,Manual,2026-06-13 19:26:56-03:00,0:05:41.641380,0,2026-06-13 19:26:56,5.6940230000000005,2026-W24,5,Saturday
66430,1,Manual,2026-06-13 19:13:07-03:00,0:06:28.934057,0,2026-06-13 19:13:07,6.482234283333333,2026-W24,5,Saturday
66429,1,Manual,2026-06-13 18:56:37-03:00,0:05:58.902156,0,2026-06-13 18:56:37,5.9817026,2026-W24,5,Saturday
66332,1,Manual,2026-06-12 18:53:49-03:00,0:07:51.143974,0,2026-06-12 18:53:49,7.852399566666667,2026-W24,4,Friday
66272,1,Manual,2026-06-12 11:50:09-03:00,0:02:29.663164,0,2026-06-12 11:50:09,2.4943860666666664,2026-W24,4,Friday
66189,1,Manual,2026-06-12 04:42:54-03:00,0:04:22.373026,0,2026-06-12 04:42:54,4.372883766666666,2026-W24,4,Friday
66188,1,Manual,2026-06-12 04:31:30-03:00,0:05:21.928063,0,2026-06-12 04:31:30,5.365467716666667,2026-W24,4,Friday
66187,1,Manual,2026-06-12 04:20:29-03:00,0:03:12.426112,0,2026-06-12 04:20:29,3.2071018666666666,2026-W24,4,Friday
66186,1,Manual,2026-06-12 04:07:12-03:00,0:03:04.080758,0,2026-06-12 04:07:12,3.0680126333333333,2026-W24,4,Friday
66185,1,Manual,2026-06-12 03:53:04-03:00,0:04:23.078481,0,2026-06-12 03:53:04,4.38464135,2026-W24,4,Friday
66184,1,Manual,2026-06-12 03:28:00-03:00,0:04:33.692285,0,2026-06-12 03:28:00,4.561538083333334,2026-W24,4,Friday
66183,1,Manual,2026-06-12 03:08:59-03:00,0:03:04.342495,0,2026-06-12 03:08:59,3.072374916666667,2026-W24,4,Friday
66182,1,Manual,2026-06-12 02:56:45-03:00,0:03:57.734272,0,2026-06-12 02:56:45,3.962237866666667,2026-W24,4,Friday
66181,1,Manual,2026-06-12 02:47:01-03:00,0:03:12.216980,0,2026-06-12 02:47:01,3.2036163333333336,2026-W24,4,Friday
66180,1,Manual,2026-06-12 02:37:15-03:00,0:03:18.436390,0,2026-06-12 02:37:15,3.3072731666666666,2026-W24,4,Friday
66179,1,Manual,2026-06-12 02:27:13-03:00,0:03:13.168301,0,2026-06-12 02:27:13,3.2194716833333334,2026-W24,4,Friday
66178,1,Manual,2026-06-12 02:16:47-03:00,0:03:06.109323,0,2026-06-12 02:16:47,3.10182205,2026-W24,4,Friday
66177,1,Manual,2026-06-12 02:05:20-03:00,0:03:02.970823,0,2026-06-12 02:05:20,3.0495137166666666,2026-W24,4,Friday
66176,1,Manual,2026-06-12 01:50:30-03:00,0:04:30.443909,0,2026-06-12 01:50:30,4.507398483333334,2026-W24,4,Friday
66175,1,Manual,2026-06-12 01:30:46-03:00,0:05:06.641326,0,2026-06-12 01:30:46,5.110688766666667,2026-W24,4,Friday
66174,1,Manual,2026-06-12 01:10:19-03:00,0:04:49.908553,0,2026-06-12 01:10:19,4.831809216666667,2026-W24,4,Friday
66173,1,Manual,2026-06-12 00:56:40-03:00,0:02:56.649939,0,2026-06-12 00:56:40,2.94416565,2026-W24,4,Friday
66172,1,Manual,2026-06-12 00:46:03-03:00,0:02:54.924508,0,2026-06-12 00:46:03,2.915408466666667,2026-W24,4,Friday
66171,1,Manual,2026-06-12 00:36:24-03:00,0:03:02.948102,0,2026-06-12 00:36:24,3.0491350333333336,2026-W24,4,Friday
66170,1,Manual,2026-06-12 00:26:08-03:00,0:02:48.394026,0,2026-06-12 00:26:08,2.8065671,2026-W24,4,Friday
66169,1,Manual,2026-06-12 00:15:12-03:00,0:04:49.545556,0,2026-06-12 00:15:12,4.825759266666666,2026-W24,4,Friday
66168,1,Manual,2026-06-11 23:59:20-03:00,0:04:27.453773,0,2026-06-11 23:59:20,4.457562883333334,2026-W24,3,Thursday
66167,1,Manual,2026-06-11 23:32:12-03:00,0:04:28.340239,0,2026-06-11 23:32:12,4.472337316666667,2026-W24,3,Thursday
66166,1,Manual,2026-06-11 23:04:57-03:00,0:04:48.547750,0,2026-06-11 23:04:57,4.809129166666667,2026-W24,3,Thursday
66162,1,Manual,2026-06-11 22:04:24-03:00,0:02:53.937600,0,2026-06-11 22:04:24,2.89896,2026-W24,3,Thursday
66160,1,Manual,2026-06-11 21:19:59-03:00,0:03:11.151702,0,2026-06-11 21:19:59,3.1858617,2026-W24,3,Thursday
66156,1,Manual,2026-06-11 20:01:35-03:00,0:05:44.271220,0,2026-06-11 20:01:35,5.737853666666667,2026-W24,3,Thursday
66096,1,Manual,2026-06-11 12:22:31-03:00,0:02:59.737815,0,2026-06-11 12:22:31,2.99563025,2026-W24,3,Thursday
66059,1,Manual,2026-06-11 09:34:29-03:00,0:02:06.729317,0,2026-06-11 09:34:29,2.1121552833333332,2026-W24,3,Thursday
66056,1,Manual,2026-06-11 09:16:23-03:00,0:02:06.013345,0,2026-06-11 09:16:23,2.1002224166666665,2026-W24,3,Thursday
65945,1,Manual,2026-06-10 23:56:51-03:00,0:05:39.159108,0,2026-06-10 23:56:51,5.6526518,2026-W24,2,Wednesday
65944,1,Manual,2026-06-10 23:32:33-03:00,0:05:06.090747,0,2026-06-10 23:32:33,5.10151245,2026-W24,2,Wednesday
65943,1,Manual,2026-06-10 23:19:34-03:00,0:05:16.190414,0,2026-06-10 23:19:34,5.2698402333333325,2026-W24,2,Wednesday
65932,1,Manual,2026-06-10 21:03:56-03:00,0:04:54.395435,0,2026-06-10 21:03:56,4.906590583333334,2026-W24,2,Wednesday
65885,1,Manual,2026-06-10 14:02:11-03:00,0:03:01.345023,0,2026-06-10 14:02:11,3.02241705,2026-W24,2,Wednesday
65881,1,Manual,2026-06-10 13:30:24-03:00,0:04:53.462584,0,2026-06-10 13:30:24,4.891043066666667,2026-W24,2,Wednesday
65876,1,Manual,2026-06-10 12:18:44-03:00,0:16:20.063145,0,2026-06-10 12:18:44,16.33438575,2026-W24,2,Wednesday
65875,1,Manual,2026-06-10 11:30:36-03:00,0:11:56.396740,0,2026-06-10 11:30:36,11.939945666666667,2026-W24,2,Wednesday
65874,1,Manual,2026-06-10 11:26:02-03:00,0:06:58.914540,0,2026-06-10 11:26:02,6.981909,2026-W24,2,Wednesday
65873,1,Manual,2026-06-10 11:01:51-03:00,0:09:44.240676,0,2026-06-10 11:01:51,9.7373446,2026-W24,2,Wednesday
65721,1,Manual,2026-06-09 18:39:41-03:00,0:05:29.400012,0,2026-06-09 18:39:41,5.4900002,2026-W24,1,Tuesday
65669,1,Manual,2026-06-09 12:33:18-03:00,0:03:16.608558,0,2026-06-09 12:33:18,3.2768092999999996,2026-W24,1,Tuesday
65628,1,Manual,2026-06-09 09:01:51-03:00,0:01:44.648552,0,2026-06-09 09:01:51,1.7441425333333334,2026-W24,1,Tuesday
65506,1,Manual,2026-06-08 12:26:16-03:00,0:03:06.256085,0,2026-06-08 12:26:16,3.1042680833333334,2026-W24,0,Monday
64970,1,Manual,2026-06-05 13:29:42-03:00,0:05:15.674985,0,2026-06-05 13:29:42,5.26124975,2026-W23,4,Friday
64964,1,Manual,2026-06-05 12:35:49-03:00,0:03:29.312913,0,2026-06-05 12:35:49,3.48854855,2026-W23,4,Friday
64453,1,Manual,2026-06-03 18:04:37-03:00,0:03:24.596176,0,2026-06-03 18:04:37,3.409936266666667,2026-W23,2,Wednesday
64435,1,Manual,2026-06-03 16:07:02-03:00,0:01:19.528121,0,2026-06-03 16:07:02,1.3254686833333333,2026-W23,2,Wednesday
64426,1,Manual,2026-06-03 14:44:16-03:00,0:04:07.280087,0,2026-06-03 14:44:16,4.121334783333333,2026-W23,2,Wednesday
64270,1,Manual,2026-06-02 19:31:51-03:00,0:04:36.043839,0,2026-06-02 19:31:51,4.60073065,2026-W23,1,Tuesday
64241,1,Manual,2026-06-02 16:00:27-03:00,0:04:45.452211,0,2026-06-02 16:00:27,4.757536849999999,2026-W23,1,Tuesday
64216,1,Manual,2026-06-02 12:33:40-03:00,0:05:08.387787,0,2026-06-02 12:33:40,5.13979645,2026-W23,1,Tuesday
64165,1,Manual,2026-06-02 08:03:58-03:00,0:01:11.074488,0,2026-06-02 08:03:58,1.1845748,2026-W23,1,Tuesday
64043,1,Manual,2026-06-01 19:03:08-03:00,0:03:31.841592,0,2026-06-01 19:03:08,3.5306932,2026-W23,0,Monday
64026,1,Manual,2026-06-01 17:00:39-03:00,0:02:55.968637,0,2026-06-01 17:00:39,2.9328106166666665,2026-W23,0,Monday
64025,1,Manual,2026-06-01 16:47:22-03:00,0:03:59.946387,0,2026-06-01 16:47:22,3.9991064499999998,2026-W23,0,Monday
64024,1,Manual,2026-06-01 16:31:57-03:00,0:04:31.724648,0,2026-06-01 16:31:57,4.528744133333333,2026-W23,0,Monday
64003,1,Manual,2026-06-01 13:30:04-03:00,0:03:36.602775,0,2026-06-01 13:30:04,3.6100462500000003,2026-W23,0,Monday
63772,1,Manual,2026-05-31 19:24:46-03:00,0:06:05.587768,0,2026-05-31 19:24:46,6.093129466666666,2026-W22,6,Sunday
63681,1,Manual,2026-05-30 20:14:47-03:00,0:01:14.246561,0,2026-05-30 20:14:47,1.2374426833333334,2026-W22,5,Saturday
63458,1,Manual,2026-05-30 04:32:09-03:00,0:01:23.786724,0,2026-05-30 04:32:09,1.3964454000000002,2026-W22,5,Saturday
63410,1,Manual,2026-05-29 21:14:06-03:00,0:04:59.596846,0,2026-05-29 21:14:06,4.993280766666667,2026-W22,4,Friday
63406,1,Manual,2026-05-29 20:13:40-03:00,0:04:05.069834,0,2026-05-29 20:13:40,4.084497233333333,2026-W22,4,Friday
63402,1,Manual,2026-05-29 19:37:11-03:00,0:04:54.675046,0,2026-05-29 19:37:11,4.911250766666667,2026-W22,4,Friday
63395,1,Manual,2026-05-29 18:36:53-03:00,0:04:38.735475,0,2026-05-29 18:36:53,4.64559125,2026-W22,4,Friday
63356,1,Manual,2026-05-29 12:23:46-03:00,0:03:19.246598,0,2026-05-29 12:23:46,3.3207766333333333,2026-W22,4,Friday
63270,1,Manual,2026-05-29 01:08:37-03:00,0:02:15.328825,0,2026-05-29 01:08:37,2.2554804166666664,2026-W22,4,Friday
63251,1,Manual,2026-05-28 22:13:48-03:00,0:05:23.940069,0,2026-05-28 22:13:48,5.39900115,2026-W22,3,Thursday
63242,1,Manual,2026-05-28 20:42:58-03:00,0:04:07.017337,0,2026-05-28 20:42:58,4.116955616666667,2026-W22,3,Thursday
63240,1,Manual,2026-05-28 20:20:59-03:00,0:04:10.932061,0,2026-05-28 20:20:59,4.182201016666666,2026-W22,3,Thursday
63239,1,Manual,2026-05-28 20:06:11-03:00,0:07:04.936123,0,2026-05-28 20:06:11,7.0822687166666665,2026-W22,3,Thursday
63229,1,Manual,2026-05-28 18:21:47-03:00,0:07:06.698766,0,2026-05-28 18:21:47,7.1116461,2026-W22,3,Thursday
63212,1,Manual,2026-05-28 16:06:29-03:00,0:07:46.491625,0,2026-05-28 16:06:29,7.774860416666667,2026-W22,3,Thursday
63200,1,Manual,2026-05-28 14:31:52-03:00,0:04:40.578051,0,2026-05-28 14:31:52,4.6763008500000005,2026-W22,3,Thursday
63199,1,Manual,2026-05-28 14:15:00-03:00,0:06:20.705634,0,2026-05-28 14:15:00,6.345093899999999,2026-W22,3,Thursday
63170,1,Manual,2026-05-28 11:09:15-03:00,0:02:07.308864,0,2026-05-28 11:09:15,2.1218144,2026-W22,3,Thursday
63074,1,Manual,2026-05-28 02:05:35-03:00,0:04:05.391756,0,2026-05-28 02:05:35,4.0898626,2026-W22,3,Thursday
63073,1,Manual,2026-05-28 01:54:58-03:00,0:02:09.123413,0,2026-05-28 01:54:58,2.152056883333333,2026-W22,3,Thursday
63043,1,Manual,2026-05-27 21:44:15-03:00,0:05:03.919105,0,2026-05-27 21:44:15,5.065318416666667,2026-W22,2,Wednesday
63041,1,Manual,2026-05-27 21:22:10-03:00,0:05:54.035038,0,2026-05-27 21:22:10,5.900583966666667,2026-W22,2,Wednesday
63035,1,Manual,2026-05-27 20:29:43-03:00,0:02:10.578170,0,2026-05-27 20:29:43,2.176302833333333,2026-W22,2,Wednesday
62993,1,Manual,2026-05-27 15:51:22-03:00,0:02:04.535878,0,2026-05-27 15:51:22,2.0755979666666664,2026-W22,2,Wednesday
62972,1,Manual,2026-05-27 13:16:10-03:00,0:03:03.128900,0,2026-05-27 13:16:10,3.0521483333333332,2026-W22,2,Wednesday
62918,1,Manual,2026-05-27 08:41:42-03:00,0:02:04.872796,0,2026-05-27 08:41:42,2.0812132666666665,2026-W22,2,Wednesday
62854,1,Manual,2026-05-27 02:52:09-03:00,0:02:08.597975,0,2026-05-27 02:52:09,2.143299583333333,2026-W22,2,Wednesday
62820,1,Manual,2026-05-26 22:23:17-03:00,0:02:04.538890,0,2026-05-26 22:23:17,2.0756481666666664,2026-W22,1,Tuesday
62817,1,Manual,2026-05-26 21:53:28-03:00,0:04:27.155161,0,2026-05-26 21:53:28,4.452586016666667,2026-W22,1,Tuesday
62815,1,Manual,2026-05-26 21:33:38-03:00,0:04:30.916502,0,2026-05-26 21:33:38,4.515275033333333,2026-W22,1,Tuesday
62795,1,Manual,2026-05-26 19:12:37-03:00,0:04:41.596765,0,2026-05-26 19:12:37,4.693279416666667,2026-W22,1,Tuesday
62788,1,Manual,2026-05-26 18:14:50-03:00,0:02:07.386235,0,2026-05-26 18:14:50,2.1231039166666665,2026-W22,1,Tuesday
62782,1,Manual,2026-05-26 17:23:21-03:00,0:06:19.994838,0,2026-05-26 17:23:21,6.3332473,2026-W22,1,Tuesday
62778,1,Manual,2026-05-26 16:51:17-03:00,0:02:04.839157,0,2026-05-26 16:51:17,2.080652616666667,2026-W22,1,Tuesday
62743,1,Manual,2026-05-26 12:21:37-03:00,0:01:15.073348,0,2026-05-26 12:21:37,1.2512224666666667,2026-W22,1,Tuesday
62674,1,Manual,2026-05-26 05:39:11-03:00,0:03:04.084435,0,2026-05-26 05:39:11,3.068073916666667,2026-W22,1,Tuesday
62673,1,Manual,2026-05-26 05:28:19-03:00,0:04:15.143958,0,2026-05-26 05:28:19,4.2523992999999995,2026-W22,1,Tuesday
62672,1,Manual,2026-05-26 05:14:55-03:00,0:02:56.965119,0,2026-05-26 05:14:55,2.9494186499999997,2026-W22,1,Tuesday
62671,1,Manual,2026-05-26 04:56:19-03:00,0:03:17.114884,0,2026-05-26 04:56:19,3.2852480666666666,2026-W22,1,Tuesday
62670,1,Manual,2026-05-26 04:46:42-03:00,0:03:08.169234,0,2026-05-26 04:46:42,3.1361538999999996,2026-W22,1,Tuesday
62669,1,Manual,2026-05-26 04:36:59-03:00,0:03:15.359810,0,2026-05-26 04:36:59,3.2559968333333336,2026-W22,1,Tuesday
62668,1,Manual,2026-05-26 04:27:43-03:00,0:03:05.359331,0,2026-05-26 04:27:43,3.089322183333333,2026-W22,1,Tuesday
62667,1,Manual,2026-05-26 04:18:30-03:00,0:02:54.483606,0,2026-05-26 04:18:30,2.9080601,2026-W22,1,Tuesday
62666,1,Manual,2026-05-26 04:08:50-03:00,0:02:59.353997,0,2026-05-26 04:08:50,2.9892332833333333,2026-W22,1,Tuesday
62665,1,Manual,2026-05-26 03:58:55-03:00,0:03:34.251827,0,2026-05-26 03:58:55,3.570863783333333,2026-W22,1,Tuesday
62664,1,Manual,2026-05-26 03:49:44-03:00,0:03:15.272513,0,2026-05-26 03:49:44,3.2545418833333333,2026-W22,1,Tuesday
62663,1,Manual,2026-05-26 03:40:30-03:00,0:02:52.458972,0,2026-05-26 03:40:30,2.8743162,2026-W22,1,Tuesday
62662,1,Manual,2026-05-26 03:30:19-03:00,0:02:54.672627,0,2026-05-26 03:30:19,2.91121045,2026-W22,1,Tuesday
62661,1,Manual,2026-05-26 03:21:00-03:00,0:03:01.523425,0,2026-05-26 03:21:00,3.0253904166666667,2026-W22,1,Tuesday
62660,1,Manual,2026-05-26 03:10:10-03:00,0:04:14.591975,0,2026-05-26 03:10:10,4.243199583333333,2026-W22,1,Tuesday
62659,1,Manual,2026-05-26 02:55:43-03:00,0:04:23.604378,0,2026-05-26 02:55:43,4.3934063,2026-W22,1,Tuesday
62658,1,Manual,2026-05-26 02:36:47-03:00,0:04:33.266517,0,2026-05-26 02:36:47,4.55444195,2026-W22,1,Tuesday
62657,1,Manual,2026-05-26 02:19:52-03:00,0:04:10.354105,0,2026-05-26 02:19:52,4.172568416666667,2026-W22,1,Tuesday
62656,1,Manual,2026-05-26 02:03:37-03:00,0:04:24.661833,0,2026-05-26 02:03:37,4.41103055,2026-W22,1,Tuesday
62655,1,Manual,2026-05-26 01:47:05-03:00,0:03:20.714472,0,2026-05-26 01:47:05,3.3452412,2026-W22,1,Tuesday
62654,1,Manual,2026-05-26 01:06:57-03:00,0:28:37.711247,0,2026-05-26 01:06:57,28.628520783333332,2026-W22,1,Tuesday
62653,1,Manual,2026-05-26 00:58:23-03:00,0:12:47.991778,0,2026-05-26 00:58:23,12.799862966666666,2026-W22,1,Tuesday
62635,1,Manual,2026-05-25 20:25:35-03:00,0:05:03.763150,0,2026-05-25 20:25:35,5.062719166666667,2026-W22,0,Monday
62631,1,Manual,2026-05-25 19:34:52-03:00,0:05:03.987465,0,2026-05-25 19:34:52,5.06645775,2026-W22,0,Monday
62591,1,Manual,2026-05-25 14:00:03-03:00,0:03:19.439454,0,2026-05-25 14:00:03,3.3239909,2026-W22,0,Monday
62590,1,Manual,2026-05-25 13:47:02-03:00,0:03:24.112828,0,2026-05-25 13:47:02,3.401880466666667,2026-W22,0,Monday
62576,1,Manual,2026-05-25 11:40:33-03:00,0:02:48.422948,0,2026-05-25 11:40:33,2.8070491333333334,2026-W22,0,Monday
62574,1,Manual,2026-05-25 11:22:36-03:00,0:03:09.550940,0,2026-05-25 11:22:36,3.1591823333333333,2026-W22,0,Monday
62264,1,Manual,2026-05-24 12:14:00-03:00,0:02:08.965304,0,2026-05-24 12:14:00,2.1494217333333334,2026-W21,6,Sunday
62115,1,Manual,2026-05-23 22:13:02-03:00,0:05:04.433650,0,2026-05-23 22:13:02,5.073894166666666,2026-W21,5,Saturday
62114,1,Manual,2026-05-23 21:41:32-03:00,0:05:49.934703,0,2026-05-23 21:41:32,5.83224505,2026-W21,5,Saturday
62112,1,Manual,2026-05-23 18:28:33-03:00,0:04:15.274563,0,2026-05-23 18:28:33,4.25457605,2026-W21,5,Saturday
62092,1,Manual,2026-05-23 15:54:56-03:00,0:35:49.196058,0,2026-05-23 15:54:56,35.8199343,2026-W21,5,Saturday
61888,1,Manual,2026-05-22 21:21:46-03:00,0:04:17.695197,0,2026-05-22 21:21:46,4.29491995,2026-W21,4,Friday
61834,1,Manual,2026-05-22 15:00:58-03:00,0:04:29.201760,0,2026-05-22 15:00:58,4.486695999999999,2026-W21,4,Friday
61812,1,Manual,2026-05-22 12:22:15-03:00,0:03:03.010752,0,2026-05-22 12:22:15,3.0501792,2026-W21,4,Friday
61707,1,Manual,2026-05-22 03:18:16-03:00,0:04:40.240268,0,2026-05-22 03:18:16,4.670671133333333,2026-W21,4,Friday
61688,1,Manual,2026-05-22 00:35:00-03:00,0:04:49.876659,0,2026-05-22 00:35:00,4.8312776500000005,2026-W21,4,Friday
61687,1,Manual,2026-05-22 00:22:49-03:00,0:05:35.598842,0,2026-05-22 00:22:49,5.593314033333333,2026-W21,4,Friday
61665,1,Manual,2026-05-21 21:12:59-03:00,0:05:35.945406,0,2026-05-21 21:12:59,5.5990901,2026-W21,3,Thursday
61661,1,Manual,2026-05-21 20:29:34-03:00,0:08:07.019176,0,2026-05-21 20:29:34,8.116986266666666,2026-W21,3,Thursday
61660,1,Manual,2026-05-21 19:57:21-03:00,0:12:08.177426,0,2026-05-21 19:57:21,12.136290433333333,2026-W21,3,Thursday
61654,1,Manual,2026-05-21 18:39:46-03:00,0:20:32.471318,0,2026-05-21 18:39:46,20.541188633333334,2026-W21,3,Thursday
61641,1,Manual,2026-05-21 16:38:32-03:00,0:02:51.027987,0,2026-05-21 16:38:32,2.85046645,2026-W21,3,Thursday
61602,1,Manual,2026-05-21 12:41:25-03:00,0:03:06.837944,0,2026-05-21 12:41:25,3.113965733333333,2026-W21,3,Thursday
61455,1,Manual,2026-05-20 21:33:36-03:00,0:04:59.827174,0,2026-05-20 21:33:36,4.997119566666667,2026-W21,2,Wednesday
61440,1,Manual,2026-05-20 19:39:06-03:00,0:07:50.444341,0,2026-05-20 19:39:06,7.840739016666666,2026-W21,2,Wednesday
61394,1,Manual,2026-05-20 13:05:20-03:00,0:07:04.142677,0,2026-05-20 13:05:20,7.069044616666667,2026-W21,2,Wednesday
61393,1,Manual,2026-05-20 12:54:52-03:00,0:09:58.889705,0,2026-05-20 12:54:52,9.981495083333334,2026-W21,2,Wednesday
61392,1,Manual,2026-05-20 12:40:43-03:00,0:14:07.482694,0,2026-05-20 12:40:43,14.124711566666667,2026-W21,2,Wednesday
61391,1,Manual,2026-05-20 12:25:39-03:00,0:14:23.390627,0,2026-05-20 12:25:39,14.389843783333333,2026-W21,2,Wednesday
61390,1,Manual,2026-05-20 12:22:03-03:00,0:03:16.267656,0,2026-05-20 12:22:03,3.2711276,2026-W21,2,Wednesday
61389,1,Manual,2026-05-20 11:19:42-03:00,0:55:42.257039,0,2026-05-20 11:19:42,55.70428398333333,2026-W21,2,Wednesday
61386,1,Manual,2026-05-20 11:00:54-03:00,0:03:28.337952,0,2026-05-20 11:00:54,3.4722992,2026-W21,2,Wednesday
61382,1,Manual,2026-05-20 10:40:31-03:00,0:03:50.497423,0,2026-05-20 10:40:31,3.8416237166666667,2026-W21,2,Wednesday
61281,1,Manual,2026-05-20 00:27:51-03:00,0:02:06.685104,0,2026-05-20 00:27:51,2.1114184,2026-W21,2,Wednesday
61201,1,Manual,2026-05-19 13:15:38-03:00,0:04:47.438178,0,2026-05-19 13:15:38,4.7906363,2026-W21,1,Tuesday
61195,1,Manual,2026-05-19 12:13:03-03:00,0:03:07.881842,0,2026-05-19 12:13:03,3.1313640333333335,2026-W21,1,Tuesday
61019,1,Manual,2026-05-18 18:12:36-03:00,0:03:04.809914,0,2026-05-18 18:12:36,3.080165233333333,2026-W21,0,Monday
61001,1,Manual,2026-05-18 15:27:38-03:00,0:03:08.078337,0,2026-05-18 15:27:38,3.1346389500000003,2026-W21,0,Monday
60982,1,Manual,2026-05-18 12:27:48-03:00,0:03:16.952314,0,2026-05-18 12:27:48,3.2825385666666667,2026-W21,0,Monday
60624,1,Manual,2026-05-17 12:11:25-03:00,0:02:05.845857,0,2026-05-17 12:11:25,2.09743095,2026-W20,6,Sunday
60298,1,Manual,2026-05-15 20:53:07-03:00,0:09:33.679386,0,2026-05-15 20:53:07,9.561323100000001,2026-W20,4,Friday
60274,1,Manual,2026-05-15 17:18:32-03:00,0:07:17.017142,0,2026-05-15 17:18:32,7.283619033333333,2026-W20,4,Friday
60247,1,Manual,2026-05-15 13:16:42-03:00,0:04:33.612706,0,2026-05-15 13:16:42,4.560211766666667,2026-W20,4,Friday
60131,1,Manual,2026-05-15 00:15:49-03:00,0:04:07.088037,0,2026-05-15 00:15:49,4.11813395,2026-W20,4,Friday
60127,1,Manual,2026-05-14 23:40:25-03:00,0:04:17.470323,0,2026-05-14 23:40:25,4.29117205,2026-W20,3,Thursday
60117,1,Manual,2026-05-14 21:45:59-03:00,0:04:16.896322,0,2026-05-14 21:45:59,4.281605366666667,2026-W20,3,Thursday
60105,1,Manual,2026-05-14 19:36:40-03:00,0:04:49.463746,0,2026-05-14 19:36:40,4.824395766666667,2026-W20,3,Thursday
60052,1,Manual,2026-05-14 12:24:41-03:00,0:03:47.624353,0,2026-05-14 12:24:41,3.793739216666667,2026-W20,3,Thursday
59930,1,Manual,2026-05-13 23:43:27-03:00,0:04:38.050558,0,2026-05-13 23:43:27,4.634175966666667,2026-W20,2,Wednesday
59923,1,Manual,2026-05-13 22:29:53-03:00,0:04:48.419275,0,2026-05-13 22:29:53,4.806987916666667,2026-W20,2,Wednesday
59886,1,Manual,2026-05-13 16:29:29-03:00,0:05:51.727017,0,2026-05-13 16:29:29,5.86211695,2026-W20,2,Wednesday
59880,1,Manual,2026-05-13 15:23:51-03:00,0:03:08.457694,0,2026-05-13 15:23:51,3.140961566666667,2026-W20,2,Wednesday
59870,1,Manual,2026-05-13 13:23:46-03:00,0:03:05.761235,0,2026-05-13 13:23:46,3.0960205833333334,2026-W20,2,Wednesday
59713,1,Manual,2026-05-12 21:15:11-03:00,0:05:42.148269,0,2026-05-12 21:15:11,5.70247115,2026-W20,1,Tuesday
59701,1,Manual,2026-05-12 19:49:32-03:00,0:06:07.393618,0,2026-05-12 19:49:32,6.1232269666666665,2026-W20,1,Tuesday
59657,1,Manual,2026-05-12 13:15:54-03:00,0:09:20.714548,0,2026-05-12 13:15:54,9.345242466666667,2026-W20,1,Tuesday
59656,1,Manual,2026-05-12 13:06:37-03:00,0:09:17.973712,0,2026-05-12 13:06:37,9.299561866666666,2026-W20,1,Tuesday
59655,1,Manual,2026-05-12 12:59:10-03:00,0:07:32.105972,0,2026-05-12 12:59:10,7.535099533333334,2026-W20,1,Tuesday
59654,1,Manual,2026-05-12 12:52:15-03:00,0:06:44.939344,0,2026-05-12 12:52:15,6.748989066666667,2026-W20,1,Tuesday
59653,1,Manual,2026-05-12 12:27:59-03:00,0:24:38.044873,0,2026-05-12 12:27:59,24.63408121666667,2026-W20,1,Tuesday
59649,1,Manual,2026-05-12 12:00:59-03:00,0:02:16.148562,0,2026-05-12 12:00:59,2.2691427,2026-W20,1,Tuesday
59528,1,Manual,2026-05-11 22:00:14-03:00,0:04:44.676922,0,2026-05-11 22:00:14,4.744615366666666,2026-W20,0,Monday
59488,1,Manual,2026-05-11 13:41:25-03:00,0:03:23.764291,0,2026-05-11 13:41:25,3.3960715166666664,2026-W20,0,Monday
59478,1,Manual,2026-05-11 12:23:29-03:00,0:02:56.223443,0,2026-05-11 12:23:29,2.9370573833333333,2026-W20,0,Monday
59064,1,Manual,2026-05-10 05:00:08-03:00,0:01:08.588952,0,2026-05-10 05:00:08,1.1431492,2026-W19,6,Sunday
58722,1,Manual,2026-05-08 21:16:58-03:00,0:04:16.688455,0,2026-05-08 21:16:58,4.278140916666667,2026-W19,4,Friday
58719,1,Manual,2026-05-08 20:46:33-03:00,0:04:28.564961,0,2026-05-08 20:46:33,4.476082683333333,2026-W19,4,Friday
58687,1,Manual,2026-05-08 16:24:31-03:00,0:04:37.073834,0,2026-05-08 16:24:31,4.617897233333333,2026-W19,4,Friday
58658,1,Manual,2026-05-08 12:26:53-03:00,0:03:06.844392,0,2026-05-08 12:26:53,3.1140732,2026-W19,4,Friday
58515,1,Manual,2026-05-07 22:38:51-03:00,0:04:52.029703,0,2026-05-07 22:38:51,4.867161716666667,2026-W19,3,Thursday
58512,1,Manual,2026-05-07 22:09:56-03:00,0:04:15.834635,0,2026-05-07 22:09:56,4.263910583333333,2026-W19,3,Thursday
58506,1,Manual,2026-05-07 21:19:08-03:00,0:05:43.520551,0,2026-05-07 21:19:08,5.725342516666667,2026-W19,3,Thursday
58478,1,Manual,2026-05-07 16:19:27-03:00,0:03:46.590106,0,2026-05-07 16:19:27,3.7765017666666667,2026-W19,3,Thursday
58477,1,Manual,2026-05-07 15:55:46-03:00,0:03:41.950845,0,2026-05-07 15:55:46,3.6991807499999996,2026-W19,3,Thursday
58476,1,Manual,2026-05-07 15:25:11-03:00,0:03:47.286463,0,2026-05-07 15:25:11,3.7881077166666666,2026-W19,3,Thursday
58475,1,Manual,2026-05-07 15:10:04-03:00,0:02:46.906261,0,2026-05-07 15:10:04,2.7817710166666667,2026-W19,3,Thursday
58474,1,Manual,2026-05-07 14:56:49-03:00,0:03:03.349415,0,2026-05-07 14:56:49,3.0558235833333334,2026-W19,3,Thursday
58473,1,Manual,2026-05-07 14:43:05-03:00,0:02:47.220699,0,2026-05-07 14:43:05,2.7870116499999997,2026-W19,3,Thursday
58470,1,Manual,2026-05-07 14:09:07-03:00,0:04:09.576098,0,2026-05-07 14:09:07,4.159601633333334,2026-W19,3,Thursday
58469,1,Manual,2026-05-07 13:53:58-03:00,0:03:34.693099,0,2026-05-07 13:53:58,3.5782183166666663,2026-W19,3,Thursday
58315,1,Manual,2026-05-06 22:01:27-03:00,0:02:05.523678,0,2026-05-06 22:01:27,2.0920613,2026-W19,2,Wednesday
58305,1,Manual,2026-05-06 19:46:50-03:00,0:04:03.039021,0,2026-05-06 19:46:50,4.05065035,2026-W19,2,Wednesday
58269,1,Manual,2026-05-06 13:37:45-03:00,0:06:14.549332,0,2026-05-06 13:37:45,6.242488866666666,2026-W19,2,Wednesday
58258,1,Manual,2026-05-06 12:01:34-03:00,0:02:56.265934,0,2026-05-06 12:01:34,2.9377655666666667,2026-W19,2,Wednesday
58139,1,Manual,2026-05-05 23:57:10-03:00,0:04:19.798351,0,2026-05-05 23:57:10,4.329972516666667,2026-W19,1,Tuesday
58116,1,Manual,2026-05-05 19:40:24-03:00,0:07:41.080791,0,2026-05-05 19:40:24,7.684679849999999,2026-W19,1,Tuesday
58111,1,Manual,2026-05-05 18:38:00-03:00,0:06:06.849206,0,2026-05-05 18:38:00,6.114153433333333,2026-W19,1,Tuesday
58109,1,Manual,2026-05-05 18:18:47-03:00,0:04:13.097206,0,2026-05-05 18:18:47,4.218286766666667,2026-W19,1,Tuesday
58096,1,Manual,2026-05-05 16:22:41-03:00,0:05:02.015996,0,2026-05-05 16:22:41,5.033599933333333,2026-W19,1,Tuesday
58079,1,Manual,2026-05-05 13:22:39-03:00,0:06:32.971964,0,2026-05-05 13:22:39,6.549532733333334,2026-W19,1,Tuesday
58018,1,Manual,2026-05-05 08:04:33-03:00,0:05:02.184389,0,2026-05-05 08:04:33,5.036406483333334,2026-W19,1,Tuesday
57982,1,Manual,2026-05-05 05:02:28-03:00,0:03:02.233995,0,2026-05-05 05:02:28,3.03723325,2026-W19,1,Tuesday
57981,1,Manual,2026-05-05 04:54:29-03:00,0:03:01.540374,0,2026-05-05 04:54:29,3.0256729000000004,2026-W19,1,Tuesday
57980,1,Manual,2026-05-05 04:46:18-03:00,0:03:11.520131,0,2026-05-05 04:46:18,3.1920021833333334,2026-W19,1,Tuesday
57979,1,Manual,2026-05-05 04:36:43-03:00,0:03:46.222834,0,2026-05-05 04:36:43,3.7703805666666668,2026-W19,1,Tuesday
57978,1,Manual,2026-05-05 04:28:07-03:00,0:02:59.957693,0,2026-05-05 04:28:07,2.9992948833333335,2026-W19,1,Tuesday
57977,1,Manual,2026-05-05 04:19:33-03:00,0:02:52.240295,0,2026-05-05 04:19:33,2.8706715833333334,2026-W19,1,Tuesday
57976,1,Manual,2026-05-05 04:06:31-03:00,0:05:34.271082,0,2026-05-05 04:06:31,5.5711847,2026-W19,1,Tuesday
57975,1,Manual,2026-05-05 03:52:57-03:00,0:03:44.109289,0,2026-05-05 03:52:57,3.7351548166666664,2026-W19,1,Tuesday
57974,1,Manual,2026-05-05 03:35:23-03:00,0:06:43.988677,0,2026-05-05 03:35:23,6.733144616666666,2026-W19,1,Tuesday
57973,1,Manual,2026-05-05 03:09:17-03:00,0:04:25.876355,0,2026-05-05 03:09:17,4.4312725833333335,2026-W19,1,Tuesday
57972,1,Manual,2026-05-05 02:45:45-03:00,0:04:24.926929,0,2026-05-05 02:45:45,4.415448816666666,2026-W19,1,Tuesday
57971,1,Manual,2026-05-05 02:28:24-03:00,0:04:22.681196,0,2026-05-05 02:28:24,4.378019933333333,2026-W19,1,Tuesday
57970,1,Manual,2026-05-05 02:11:13-03:00,0:04:26.929229,0,2026-05-05 02:11:13,4.448820483333334,2026-W19,1,Tuesday
57969,1,Manual,2026-05-05 01:51:56-03:00,0:04:20.472924,0,2026-05-05 01:51:56,4.341215399999999,2026-W19,1,Tuesday
57968,1,Manual,2026-05-05 01:33:00-03:00,0:04:20.176059,0,2026-05-05 01:33:00,4.33626765,2026-W19,1,Tuesday
57967,1,Manual,2026-05-05 01:16:40-03:00,0:04:23.021621,0,2026-05-05 01:16:40,4.383693683333333,2026-W19,1,Tuesday
57966,1,Manual,2026-05-05 00:58:10-03:00,0:04:32.427226,0,2026-05-05 00:58:10,4.540453766666667,2026-W19,1,Tuesday
57965,1,Manual,2026-05-05 00:42:11-03:00,0:03:16.323865,0,2026-05-05 00:42:11,3.272064416666667,2026-W19,1,Tuesday
57964,1,Manual,2026-05-05 00:31:41-03:00,0:03:04.102977,0,2026-05-05 00:31:41,3.06838295,2026-W19,1,Tuesday
57963,1,Manual,2026-05-05 00:18:03-03:00,0:06:16.147275,0,2026-05-05 00:18:03,6.2691212499999995,2026-W19,1,Tuesday
57962,1,Manual,2026-05-05 00:07:25-03:00,0:03:04.946381,0,2026-05-05 00:07:25,3.0824396833333334,2026-W19,1,Tuesday
57961,1,Manual,2026-05-04 23:53:34-03:00,0:02:59.063942,0,2026-05-04 23:53:34,2.9843990333333332,2026-W19,0,Monday
57960,1,Manual,2026-05-04 23:26:10-03:00,0:15:44.546181,0,2026-05-04 23:26:10,15.74243635,2026-W19,0,Monday
57959,1,Manual,2026-05-04 23:08:13-03:00,0:03:39.802160,0,2026-05-04 23:08:13,3.6633693333333333,2026-W19,0,Monday
57958,1,Manual,2026-05-04 22:53:27-03:00,0:03:33.989506,0,2026-05-04 22:53:27,3.5664917666666667,2026-W19,0,Monday
57957,1,Manual,2026-05-04 22:39:09-03:00,0:07:01.593383,0,2026-05-04 22:39:09,7.026556383333333,2026-W19,0,Monday
57956,1,Manual,2026-05-04 22:25:46-03:00,0:04:30.988858,0,2026-05-04 22:25:46,4.516480966666666,2026-W19,0,Monday
57955,1,Manual,2026-05-04 21:57:44-03:00,0:17:04.779397,0,2026-05-04 21:57:44,17.079656616666668,2026-W19,0,Monday
57954,1,Manual,2026-05-04 21:26:31-03:00,0:11:41.888779,0,2026-05-04 21:26:31,11.698146316666667,2026-W19,0,Monday
57953,1,Manual,2026-05-04 20:58:56-03:00,0:16:53.434101,0,2026-05-04 20:58:56,16.890568350000002,2026-W19,0,Monday
57952,1,Manual,2026-05-04 20:46:12-03:00,0:05:30.550410,0,2026-05-04 20:46:12,5.5091735,2026-W19,0,Monday
57951,1,Manual,2026-05-04 20:15:59-03:00,0:16:20.301450,0,2026-05-04 20:15:59,16.3383575,2026-W19,0,Monday
57950,1,Manual,2026-05-04 19:39:59-03:00,0:08:21.044262,0,2026-05-04 19:39:59,8.3507377,2026-W19,0,Monday
57949,1,Manual,2026-05-04 18:55:55-03:00,0:28:04.658980,0,2026-05-04 18:55:55,28.077649666666666,2026-W19,0,Monday
57948,1,Manual,2026-05-04 18:37:24-03:00,0:33:53.162197,0,2026-05-04 18:37:24,33.886036616666665,2026-W19,0,Monday
57947,1,Manual,2026-05-04 18:30:17-03:00,0:30:04.544378,0,2026-05-04 18:30:17,30.075739633333335,2026-W19,0,Monday
57946,1,Manual,2026-05-04 18:17:30-03:00,0:27:59.999657,0,2026-05-04 18:17:30,27.999994283333333,2026-W19,0,Monday
57945,1,Manual,2026-05-04 18:01:39-03:00,0:28:17.531924,0,2026-05-04 18:01:39,28.292198733333333,2026-W19,0,Monday
57944,1,Manual,2026-05-04 17:51:58-03:00,0:25:55.286996,0,2026-05-04 17:51:58,25.921449933333335,2026-W19,0,Monday
57943,1,Manual,2026-05-04 17:42:41-03:00,0:18:50.439535,0,2026-05-04 17:42:41,18.840658916666666,2026-W19,0,Monday
57942,1,Manual,2026-05-04 17:33:34-03:00,0:18:15.768006,0,2026-05-04 17:33:34,18.2628001,2026-W19,0,Monday
57941,1,Manual,2026-05-04 17:24:57-03:00,0:17:38.274388,0,2026-05-04 17:24:57,17.637906466666667,2026-W19,0,Monday
57940,1,Manual,2026-05-04 17:15:39-03:00,0:17:51.149877,0,2026-05-04 17:15:39,17.85249795,2026-W19,0,Monday
57939,1,Manual,2026-05-04 17:08:07-03:00,0:16:42.933260,0,2026-05-04 17:08:07,16.715554333333333,2026-W19,0,Monday
57938,1,Manual,2026-05-04 16:58:53-03:00,0:16:34.311015,0,2026-05-04 16:58:53,16.57185025,2026-W19,0,Monday
57937,1,Manual,2026-05-04 16:49:43-03:00,0:18:12.807773,0,2026-05-04 16:49:43,18.21346288333333,2026-W19,0,Monday
57936,1,Manual,2026-05-04 16:45:29-03:00,0:13:05.988079,0,2026-05-04 16:45:29,13.099801316666666,2026-W19,0,Monday
57935,1,Manual,2026-05-04 16:39:18-03:00,0:10:02.162095,0,2026-05-04 16:39:18,10.036034916666667,2026-W19,0,Monday
57934,1,Manual,2026-05-04 16:33:56-03:00,0:04:49.697343,0,2026-05-04 16:33:56,4.8282890499999995,2026-W19,0,Monday
57913,1,Manual,2026-05-04 12:28:05-03:00,0:05:21.269600,0,2026-05-04 12:28:05,5.354493333333334,2026-W19,0,Monday
57725,1,Manual,2026-05-04 00:13:18-03:00,0:06:28.794741,0,2026-05-04 00:13:18,6.47991235,2026-W19,0,Monday
57721,1,Manual,2026-05-03 23:49:57-03:00,0:03:03.010183,0,2026-05-03 23:49:57,3.050169716666667,2026-W18,6,Sunday
57709,1,Manual,2026-05-03 23:04:11-03:00,0:03:19.777273,0,2026-05-03 23:04:11,3.3296212166666668,2026-W18,6,Sunday
57707,1,Manual,2026-05-03 22:52:57-03:00,0:02:34.890122,0,2026-05-03 22:52:57,2.5815020333333334,2026-W18,6,Sunday
57687,1,Manual,2026-05-03 21:44:46-03:00,0:04:32.496339,0,2026-05-03 21:44:46,4.541605649999999,2026-W18,6,Sunday
57683,1,Manual,2026-05-03 21:25:34-03:00,0:06:31.919584,0,2026-05-03 21:25:34,6.531993066666667,2026-W18,6,Sunday
57642,1,Manual,2026-05-03 18:41:01-03:00,0:05:06.982519,0,2026-05-03 18:41:01,5.116375316666667,2026-W18,6,Sunday
57639,1,Manual,2026-05-03 18:21:43-03:00,0:06:38.143787,0,2026-05-03 18:21:43,6.635729783333333,2026-W18,6,Sunday
57602,1,Manual,2026-05-03 16:08:11-03:00,0:08:18.525480,0,2026-05-03 16:08:11,8.308758000000001,2026-W18,6,Sunday
57582,1,Manual,2026-05-03 07:42:27-03:00,0:09:53.816672,0,2026-05-03 07:42:27,9.896944533333334,2026-W18,6,Sunday
57571,1,Manual,2026-05-03 06:52:59-03:00,0:05:17.639529,0,2026-05-03 06:52:59,5.293992149999999,2026-W18,6,Sunday
57403,1,Manual,2026-05-02 19:04:32-03:00,0:02:09.610669,0,2026-05-02 19:04:32,2.1601778166666668,2026-W18,5,Saturday
57401,1,Manual,2026-05-02 14:46:44-03:00,4:01:10.051131,0,2026-05-02 14:46:44,241.16751885,2026-W18,5,Saturday
57290,1,Manual,2026-04-30 19:27:31-03:00,0:02:59.814494,0,2026-04-30 19:27:31,2.9969082333333334,2026-W18,3,Thursday
57289,1,Manual,2026-04-30 19:18:20-03:00,0:02:56.235911,0,2026-04-30 19:18:20,2.937265183333333,2026-W18,3,Thursday
57286,1,Manual,2026-04-30 18:52:57-03:00,0:02:58.865040,0,2026-04-30 18:52:57,2.981084,2026-W18,3,Thursday
57285,1,Manual,2026-04-30 18:40:23-03:00,0:03:42.246374,0,2026-04-30 18:40:23,3.7041062333333334,2026-W18,3,Thursday
57284,1,Manual,2026-04-30 18:24:51-03:00,0:03:35.655490,0,2026-04-30 18:24:51,3.5942581666666666,2026-W18,3,Thursday
57283,1,Manual,2026-04-30 18:08:24-03:00,0:05:01.234143,0,2026-04-30 18:08:24,5.020569050000001,2026-W18,3,Thursday
57282,1,Manual,2026-04-30 17:57:34-03:00,0:02:58.935666,0,2026-04-30 17:57:34,2.9822611,2026-W18,3,Thursday
57280,1,Manual,2026-04-30 17:33:53-03:00,0:03:34.215028,0,2026-04-30 17:33:53,3.5702504666666663,2026-W18,3,Thursday
57279,1,Manual,2026-04-30 17:20:52-03:00,0:03:04.380880,0,2026-04-30 17:20:52,3.0730146666666665,2026-W18,3,Thursday
57278,1,Manual,2026-04-30 17:08:03-03:00,0:04:33.714010,0,2026-04-30 17:08:03,4.561900166666666,2026-W18,3,Thursday
57276,1,Manual,2026-04-30 16:46:47-03:00,0:03:12.273030,0,2026-04-30 16:46:47,3.2045505000000003,2026-W18,3,Thursday
57266,1,Manual,2026-04-30 15:12:26-03:00,0:04:45.788151,0,2026-04-30 15:12:26,4.76313585,2026-W18,3,Thursday
57245,1,Manual,2026-04-30 12:07:50-03:00,0:02:53.862168,0,2026-04-30 12:07:50,2.8977028,2026-W18,3,Thursday
57170,1,Manual,2026-04-30 05:16:18-03:00,0:27:27.347065,0,2026-04-30 05:16:18,27.455784416666667,2026-W18,3,Thursday
57169,1,Manual,2026-04-30 04:54:41-03:00,0:12:27.536223,0,2026-04-30 04:54:41,12.45893705,2026-W18,3,Thursday
57168,1,Manual,2026-04-30 04:46:11-03:00,0:02:42.790289,0,2026-04-30 04:46:11,2.7131714833333334,2026-W18,3,Thursday
57162,1,Manual,2026-04-30 03:45:57-03:00,0:02:55.521786,0,2026-04-30 03:45:57,2.9253630999999998,2026-W18,3,Thursday
57155,1,Manual,2026-04-30 02:11:47-03:00,0:03:48.666561,0,2026-04-30 02:11:47,3.81110935,2026-W18,3,Thursday
57154,1,Manual,2026-04-30 01:42:08-03:00,0:05:25.817772,0,2026-04-30 01:42:08,5.4302962,2026-W18,3,Thursday
57128,1,Manual,2026-04-29 21:16:17-03:00,0:05:01.899007,0,2026-04-29 21:16:17,5.0316501166666665,2026-W18,2,Wednesday
57126,1,Manual,2026-04-29 20:47:20-03:00,0:04:38.075453,0,2026-04-29 20:47:20,4.634590883333333,2026-W18,2,Wednesday
57109,1,Manual,2026-04-29 18:00:13-03:00,0:04:40.501626,0,2026-04-29 18:00:13,4.675027099999999,2026-W18,2,Wednesday
57091,1,Manual,2026-04-29 14:46:55-03:00,0:05:30.730747,0,2026-04-29 14:46:55,5.512179116666667,2026-W18,2,Wednesday
57089,1,Manual,2026-04-29 14:08:45-03:00,0:03:03.396022,0,2026-04-29 14:08:45,3.0566003666666663,2026-W18,2,Wednesday
56955,1,Manual,2026-04-29 00:57:17-03:00,0:06:08.316389,0,2026-04-29 00:57:17,6.138606483333334,2026-W18,2,Wednesday
56950,1,Manual,2026-04-29 00:03:07-03:00,0:05:58.575190,0,2026-04-29 00:03:07,5.976253166666667,2026-W18,2,Wednesday
56938,1,Manual,2026-04-28 21:24:15-03:00,0:03:08.398150,0,2026-04-28 21:24:15,3.1399691666666665,2026-W18,1,Tuesday
56935,1,Manual,2026-04-28 20:42:20-03:00,0:09:56.848380,0,2026-04-28 20:42:20,9.947473,2026-W18,1,Tuesday
56934,1,Manual,2026-04-28 20:27:10-03:00,0:05:16.316068,0,2026-04-28 20:27:10,5.271934466666666,2026-W18,1,Tuesday
56903,1,Manual,2026-04-28 16:48:56-03:00,0:05:41.137725,0,2026-04-28 16:48:56,5.68562875,2026-W18,1,Tuesday
56870,1,Manual,2026-04-28 11:41:09-03:00,0:03:05.770174,0,2026-04-28 11:41:09,3.0961695666666667,2026-W18,1,Tuesday
56783,1,Manual,2026-04-28 04:01:59-03:00,0:05:23.004794,0,2026-04-28 04:01:59,5.383413233333333,2026-W18,1,Tuesday
56781,1,Manual,2026-04-28 03:30:59-03:00,0:05:51.868934,0,2026-04-28 03:30:59,5.864482233333334,2026-W18,1,Tuesday
56778,1,Manual,2026-04-28 02:39:53-03:00,0:04:33.765453,0,2026-04-28 02:39:53,4.56275755,2026-W18,1,Tuesday
56777,1,Manual,2026-04-28 02:29:49-03:00,0:03:00.493604,0,2026-04-28 02:29:49,3.0082267333333332,2026-W18,1,Tuesday
56769,1,Manual,2026-04-28 01:29:26-03:00,0:04:23.774488,0,2026-04-28 01:29:26,4.396241466666667,2026-W18,1,Tuesday
56768,1,Manual,2026-04-28 01:16:03-03:00,0:04:25.298371,0,2026-04-28 01:16:03,4.421639516666667,2026-W18,1,Tuesday
56767,1,Manual,2026-04-28 01:00:56-03:00,0:04:36.918200,0,2026-04-28 01:00:56,4.615303333333333,2026-W18,1,Tuesday
56766,1,Manual,2026-04-28 00:50:10-03:00,0:02:54.319358,0,2026-04-28 00:50:10,2.9053226333333333,2026-W18,1,Tuesday
56765,1,Manual,2026-04-28 00:38:19-03:00,0:04:53.064934,0,2026-04-28 00:38:19,4.884415566666666,2026-W18,1,Tuesday
56759,1,Manual,2026-04-27 23:36:03-03:00,0:04:45.886679,0,2026-04-27 23:36:03,4.7647779833333335,2026-W18,0,Monday
56757,1,Manual,2026-04-27 22:59:58-03:00,0:08:50.014791,0,2026-04-27 22:59:58,8.83357985,2026-W18,0,Monday
56756,1,Manual,2026-04-27 22:38:07-03:00,0:06:32.757863,0,2026-04-27 22:38:07,6.545964383333333,2026-W18,0,Monday
56751,1,Manual,2026-04-27 21:45:25-03:00,0:05:29.951727,0,2026-04-27 21:45:25,5.49919545,2026-W18,0,Monday
56750,1,Manual,2026-04-27 21:23:40-03:00,0:05:57.465435,0,2026-04-27 21:23:40,5.95775725,2026-W18,0,Monday
56749,1,Manual,2026-04-27 20:34:04-03:00,0:12:57.343314,0,2026-04-27 20:34:04,12.955721899999999,2026-W18,0,Monday
56748,1,Manual,2026-04-27 19:46:44-03:00,0:20:20.300567,0,2026-04-27 19:46:44,20.338342783333335,2026-W18,0,Monday
56746,1,Manual,2026-04-27 18:43:45-03:00,0:31:23.994414,0,2026-04-27 18:43:45,31.3999069,2026-W18,0,Monday
56743,1,Manual,2026-04-27 18:13:02-03:00,0:04:37.366783,0,2026-04-27 18:13:02,4.622779716666667,2026-W18,0,Monday
56739,1,Manual,2026-04-27 17:37:00-03:00,0:09:22.408029,0,2026-04-27 17:37:00,9.373467150000002,2026-W18,0,Monday
56540,1,Manual,2026-04-26 22:05:30-03:00,0:07:05.659239,0,2026-04-26 22:05:30,7.09432065,2026-W17,6,Sunday
56529,1,Manual,2026-04-26 21:03:53-03:00,0:02:54.636136,0,2026-04-26 21:03:53,2.9106022666666664,2026-W17,6,Sunday
56502,1,Manual,2026-04-26 18:54:35-03:00,0:05:11.854494,0,2026-04-26 18:54:35,5.1975749,2026-W17,6,Sunday
56488,1,Manual,2026-04-26 17:54:17-03:00,0:05:06.091511,0,2026-04-26 17:54:17,5.101525183333334,2026-W17,6,Sunday
56126,1,Manual,2026-04-24 17:39:52-03:00,0:12:46.024965,0,2026-04-24 17:39:52,12.767082749999998,2026-W17,4,Friday
56124,1,Manual,2026-04-24 16:22:32-03:00,0:06:41.311331,0,2026-04-24 16:22:32,6.688522183333333,2026-W17,4,Friday
56121,1,Manual,2026-04-24 15:35:12-03:00,0:10:18.782336,0,2026-04-24 15:35:12,10.313038933333333,2026-W17,4,Friday
55940,1,Manual,2026-04-23 21:35:16-03:00,0:03:55.309576,0,2026-04-23 21:35:16,3.9218262666666663,2026-W17,3,Thursday
55938,1,Manual,2026-04-23 21:15:52-03:00,0:03:28.436329,0,2026-04-23 21:15:52,3.4739388166666667,2026-W17,3,Thursday
55928,1,Manual,2026-04-23 19:36:20-03:00,0:04:07.324012,0,2026-04-23 19:36:20,4.122066866666667,2026-W17,3,Thursday
55923,1,Manual,2026-04-23 18:40:32-03:00,0:04:44.283736,0,2026-04-23 18:40:32,4.738062266666666,2026-W17,3,Thursday
55909,1,Manual,2026-04-23 17:06:57-03:00,0:03:57.605022,0,2026-04-23 17:06:57,3.9600836999999998,2026-W17,3,Thursday
55902,1,Manual,2026-04-23 16:11:37-03:00,0:04:06.124170,0,2026-04-23 16:11:37,4.1020695,2026-W17,3,Thursday
55896,1,Manual,2026-04-23 15:07:51-03:00,0:05:37.383840,0,2026-04-23 15:07:51,5.623064,2026-W17,3,Thursday
55804,1,Manual,2026-04-23 06:58:21-03:00,0:01:23.551901,0,2026-04-23 06:58:21,1.3925316833333334,2026-W17,3,Thursday
55762,1,Manual,2026-04-23 02:32:56-03:00,0:04:58.973335,0,2026-04-23 02:32:56,4.982888916666667,2026-W17,3,Thursday
55735,1,Manual,2026-04-22 22:19:34-03:00,0:09:03.744935,0,2026-04-22 22:19:34,9.062415583333335,2026-W17,2,Wednesday
55732,1,Manual,2026-04-22 21:50:08-03:00,0:03:56.741180,0,2026-04-22 21:50:08,3.9456863333333336,2026-W17,2,Wednesday
55726,1,Manual,2026-04-22 20:55:59-03:00,0:07:06.738939,0,2026-04-22 20:55:59,7.11231565,2026-W17,2,Wednesday
55714,1,Manual,2026-04-22 19:16:18-03:00,0:04:18.889356,0,2026-04-22 19:16:18,4.3148226,2026-W17,2,Wednesday
55713,1,Manual,2026-04-22 19:05:57-03:00,0:04:11.073743,0,2026-04-22 19:05:57,4.184562383333334,2026-W17,2,Wednesday
55712,1,Manual,2026-04-22 18:55:59-03:00,0:03:56.906149,0,2026-04-22 18:55:59,3.9484358166666667,2026-W17,2,Wednesday
55709,1,Manual,2026-04-22 18:32:13-03:00,0:03:39.659126,0,2026-04-22 18:32:13,3.660985433333333,2026-W17,2,Wednesday
55704,1,Manual,2026-04-22 17:05:44-03:00,0:03:45.622036,0,2026-04-22 17:05:44,3.760367266666667,2026-W17,2,Wednesday
55688,1,Manual,2026-04-22 14:24:33-03:00,0:05:39.921626,0,2026-04-22 14:24:33,5.665360433333333,2026-W17,2,Wednesday
55118,1,Manual,2026-04-20 22:53:32-03:00,0:05:19.002961,0,2026-04-20 22:53:32,5.316716016666667,2026-W17,0,Monday
55115,1,Manual,2026-04-20 22:22:28-03:00,0:04:30.734256,0,2026-04-20 22:22:28,4.512237600000001,2026-W17,0,Monday
55114,1,Manual,2026-04-20 22:09:57-03:00,0:06:40.091002,0,2026-04-20 22:09:57,6.668183366666667,2026-W17,0,Monday
55110,1,Manual,2026-04-20 21:43:06-03:00,0:02:07.100583,0,2026-04-20 21:43:06,2.11834305,2026-W17,0,Monday
55101,1,Manual,2026-04-20 20:34:32-03:00,0:03:01.143289,0,2026-04-20 20:34:32,3.019054816666667,2026-W17,0,Monday
55100,1,Manual,2026-04-20 20:24:53-03:00,0:04:34.488125,0,2026-04-20 20:24:53,4.574802083333334,2026-W17,0,Monday
55093,1,Manual,2026-04-20 19:37:45-03:00,0:04:42.519163,0,2026-04-20 19:37:45,4.708652716666666,2026-W17,0,Monday
55089,1,Manual,2026-04-20 19:07:27-03:00,0:06:26.072375,0,2026-04-20 19:07:27,6.434539583333334,2026-W17,0,Monday
55081,1,Manual,2026-04-20 18:13:57-03:00,0:08:00.452261,0,2026-04-20 18:13:57,8.007537683333334,2026-W17,0,Monday
55079,1,Manual,2026-04-20 17:58:07-03:00,0:03:15.875002,0,2026-04-20 17:58:07,3.2645833666666664,2026-W17,0,Monday
55060,1,Manual,2026-04-20 16:06:50-03:00,0:02:59.885425,0,2026-04-20 16:06:50,2.9980904166666664,2026-W17,0,Monday
55055,1,Manual,2026-04-20 15:21:07-03:00,0:06:31.739045,0,2026-04-20 15:21:07,6.528984083333333,2026-W17,0,Monday
54838,1,Manual,2026-04-20 00:42:55-03:00,0:03:44.835144,0,2026-04-20 00:42:55,3.7472524000000003,2026-W17,0,Monday
54833,1,Manual,2026-04-20 00:17:10-03:00,0:03:51.772596,0,2026-04-20 00:17:10,3.8628766,2026-W17,0,Monday
54832,1,Manual,2026-04-20 00:08:11-03:00,0:04:33.799036,0,2026-04-20 00:08:11,4.563317266666667,2026-W17,0,Monday
54275,1,Manual,2026-04-18 12:04:41-03:00,0:04:53.867802,0,2026-04-18 12:04:41,4.8977967,2026-W16,5,Saturday
54241,1,Manual,2026-04-18 10:04:35-03:00,0:04:55.025063,0,2026-04-18 10:04:35,4.917084383333333,2026-W16,5,Saturday
54093,1,Manual,2026-04-17 21:01:02-03:00,0:05:05.728512,0,2026-04-17 21:01:02,5.0954752,2026-W16,4,Friday
54092,1,Manual,2026-04-17 20:49:49-03:00,0:04:31.983067,0,2026-04-17 20:49:49,4.533051116666667,2026-W16,4,Friday
54089,1,Manual,2026-04-17 20:20:53-03:00,0:05:14.965482,0,2026-04-17 20:20:53,5.2494247000000005,2026-W16,4,Friday
53902,1,Manual,2026-04-16 21:30:44-03:00,0:01:28.045236,0,2026-04-16 21:30:44,1.4674206,2026-W16,3,Thursday
53895,1,Manual,2026-04-16 19:48:55-03:00,0:06:40.198356,0,2026-04-16 19:48:55,6.6699725999999995,2026-W16,3,Thursday
53885,1,Manual,2026-04-16 18:30:00-03:00,0:04:07.924415,0,2026-04-16 18:30:00,4.132073583333334,2026-W16,3,Thursday
53866,1,Manual,2026-04-16 15:31:19-03:00,0:07:06.322978,0,2026-04-16 15:31:19,7.105382966666666,2026-W16,3,Thursday
53863,1,Manual,2026-04-16 14:42:34-03:00,0:05:04.190701,0,2026-04-16 14:42:34,5.069845016666666,2026-W16,3,Thursday
53750,1,Manual,2026-04-16 03:32:30-03:00,0:01:08.326817,0,2026-04-16 03:32:30,1.1387802833333334,2026-W16,3,Thursday
53712,1,Manual,2026-04-15 20:55:09-03:00,0:03:22.131874,0,2026-04-15 20:55:09,3.368864566666667,2026-W16,2,Wednesday
53709,1,Manual,2026-04-15 20:26:20-03:00,0:04:49.850197,0,2026-04-15 20:26:20,4.830836616666667,2026-W16,2,Wednesday
53704,1,Manual,2026-04-15 19:14:25-03:00,0:09:56.929055,0,2026-04-15 19:14:25,9.948817583333332,2026-W16,2,Wednesday
53691,1,Manual,2026-04-15 16:41:51-03:00,0:04:33.062671,0,2026-04-15 16:41:51,4.551044516666667,2026-W16,2,Wednesday
53677,1,Manual,2026-04-15 14:01:47-03:00,0:13:34.101130,0,2026-04-15 14:01:47,13.568352166666667,2026-W16,2,Wednesday
53502,1,Manual,2026-04-14 18:31:13-03:00,0:04:16.683196,0,2026-04-14 18:31:13,4.278053266666666,2026-W16,1,Tuesday
53486,1,Manual,2026-04-14 15:06:52-03:00,0:05:04.809241,0,2026-04-14 15:06:52,5.0801540166666665,2026-W16,1,Tuesday
53485,1,Manual,2026-04-14 14:48:38-03:00,0:06:47.590393,0,2026-04-14 14:48:38,6.793173216666667,2026-W16,1,Tuesday
53484,1,Manual,2026-04-14 14:17:48-03:00,0:09:55.917083,0,2026-04-14 14:17:48,9.931951383333335,2026-W16,1,Tuesday
53482,1,Manual,2026-04-14 13:45:39-03:00,0:13:30.416542,0,2026-04-14 13:45:39,13.506942366666667,2026-W16,1,Tuesday
